{
  "schema": "https://iotx-tsl.oss-ap-southeast-1.aliyuncs.com/schema.json",
  "profile": {
    "version": "1.0",
    "productKey": "k1sjbUXsqmt"
  },
  "properties": [],
  "events": [],
  "services": [
    {
      "identifier": "RSTNTGPW",
      "name": "RSTNTGPW",
      "required": false,
      "callType": "async",
      "desc": "Reset NTAG Password",
      "method": "thing.service.RSTNTGPW",
      "inputData": [],
      "outputData": []
    }
  ],
  "functionBlockId": "command",
  "functionBlockName": "command"
}