{
  "schema": "https://iotx-tsl.oss-ap-southeast-1.aliyuncs.com/schema.json",
  "profile": {
    "version": "1.0",
    "productKey": "k1sjbUXsqmt"
  },
  "properties": [],
  "events": [
    {
      "identifier": "events",
      "name": "events",
      "type": "info",
      "required": false,
      "desc": "Events",
      "method": "thing.event.events.post",
      "outputData": [
        {
          "identifier": "message",
          "name": "message",
          "dataType": {
            "type": "text",
            "specs": {
              "length": "10240"
            }
          }
        }
      ]
    }
  ],
  "services": [],
  "functionBlockId": "events",
  "functionBlockName": "events"
}