{
  "schema": "https://iotx-tsl.oss-ap-southeast-1.aliyuncs.com/schema.json",
  "profile": {
    "version": "1.0",
    "productKey": "k1sjbUXsqmt"
  },
  "properties": [
    {
      "identifier": "temperature",
      "name": "temperature",
      "accessMode": "r",
      "desc": "Temperature",
      "required": false,
      "dataType": {
        "type": "float",
        "specs": {
          "min": "-10",
          "max": "50",
          "unit": "°C",
          "unitName": "摄氏度",
          "step": "0.1"
        }
      }
    },
    {
      "identifier": "humidity",
      "name": "humidity",
      "accessMode": "rw",
      "desc": "Humidity",
      "required": false,
      "dataType": {
        "type": "float",
        "specs": {
          "min": "0",
          "max": "100",
          "unit": "%RH",
          "unitName": "相对湿度",
          "step": "0.1"
        }
      }
    },
    {
      "identifier": "co2",
      "name": "co2",
      "accessMode": "rw",
      "desc": "C02",
      "required": false,
      "dataType": {
        "type": "int",
        "specs": {
          "min": "0",
          "max": "10000",
          "unit": "mg/m³",
          "unitName": "毫克每立方米",
          "step": "1"
        }
      }
    }
  ],
  "events": [
    {
      "identifier": "post",
      "name": "post",
      "type": "info",
      "required": true,
      "desc": "属性上报",
      "method": "thing.event.property.post",
      "outputData": [
        {
          "identifier": "temperature",
          "name": "temperature",
          "dataType": {
            "type": "float",
            "specs": {
              "min": "-10",
              "max": "50",
              "unit": "°C",
              "unitName": "摄氏度",
              "step": "0.1"
            }
          }
        },
        {
          "identifier": "humidity",
          "name": "humidity",
          "dataType": {
            "type": "float",
            "specs": {
              "min": "0",
              "max": "100",
              "unit": "%RH",
              "unitName": "相对湿度",
              "step": "0.1"
            }
          }
        },
        {
          "identifier": "co2",
          "name": "co2",
          "dataType": {
            "type": "int",
            "specs": {
              "min": "0",
              "max": "10000",
              "unit": "mg/m³",
              "unitName": "毫克每立方米",
              "step": "1"
            }
          }
        }
      ]
    }
  ],
  "services": [
    {
      "identifier": "set",
      "name": "set",
      "required": true,
      "callType": "async",
      "desc": "属性设置",
      "method": "thing.service.property.set",
      "inputData": [
        {
          "identifier": "humidity",
          "name": "humidity",
          "dataType": {
            "type": "float",
            "specs": {
              "min": "0",
              "max": "100",
              "unit": "%RH",
              "unitName": "相对湿度",
              "step": "0.1"
            }
          }
        },
        {
          "identifier": "co2",
          "name": "co2",
          "dataType": {
            "type": "int",
            "specs": {
              "min": "0",
              "max": "10000",
              "unit": "mg/m³",
              "unitName": "毫克每立方米",
              "step": "1"
            }
          }
        }
      ],
      "outputData": []
    },
    {
      "identifier": "get",
      "name": "get",
      "required": true,
      "callType": "async",
      "desc": "属性获取",
      "method": "thing.service.property.get",
      "inputData": [
        "temperature",
        "humidity",
        "co2"
      ],
      "outputData": [
        {
          "identifier": "temperature",
          "name": "temperature",
          "dataType": {
            "type": "float",
            "specs": {
              "min": "-10",
              "max": "50",
              "unit": "°C",
              "unitName": "摄氏度",
              "step": "0.1"
            }
          }
        },
        {
          "identifier": "humidity",
          "name": "humidity",
          "dataType": {
            "type": "float",
            "specs": {
              "min": "0",
              "max": "100",
              "unit": "%RH",
              "unitName": "相对湿度",
              "step": "0.1"
            }
          }
        },
        {
          "identifier": "co2",
          "name": "co2",
          "dataType": {
            "type": "int",
            "specs": {
              "min": "0",
              "max": "10000",
              "unit": "mg/m³",
              "unitName": "毫克每立方米",
              "step": "1"
            }
          }
        }
      ]
    }
  ],
  "functionBlockId": "telemetry",
  "functionBlockName": "telemetry"
}