{
  "schema": "https://iotx-tsl.oss-ap-southeast-1.aliyuncs.com/schema.json",
  "profile": {
    "version": "1.5",
    "productKey": "k1sjbUXsqmt"
  },
  "properties": [
    {
      "identifier": "IMEI",
      "name": "IMEI",
      "accessMode": "r",
      "required": false,
      "dataType": {
        "type": "text",
        "specs": {
          "length": "10240"
        }
      }
    },
    {
      "identifier": "CCID",
      "name": "CCID",
      "accessMode": "r",
      "required": false,
      "dataType": {
        "type": "text",
        "specs": {
          "length": "10240"
        }
      }
    },
    {
      "identifier": "IP",
      "name": "LastIP",
      "accessMode": "r",
      "desc": "Last IP",
      "required": false,
      "dataType": {
        "type": "text",
        "specs": {
          "length": "10240"
        }
      }
    },
    {
      "identifier": "MAC",
      "name": "MAC",
      "accessMode": "r",
      "desc": "Wi-Fi MAC Address",
      "required": false,
      "dataType": {
        "type": "text",
        "specs": {
          "length": "10240"
        }
      }
    },
    {
      "identifier": "FWV",
      "name": "FirmwareVersion",
      "accessMode": "r",
      "desc": "Firmware Version",
      "required": false,
      "dataType": {
        "type": "text",
        "specs": {
          "length": "10240"
        }
      }
    },
    {
      "identifier": "CID",
      "name": "CustomerID",
      "accessMode": "r",
      "desc": "Customer ID",
      "required": false,
      "dataType": {
        "type": "text",
        "specs": {
          "length": "10240"
        }
      }
    },
    {
      "identifier": "MNUM",
      "name": "ModelNo",
      "accessMode": "r",
      "desc": "Model No.",
      "required": false,
      "dataType": {
        "type": "text",
        "specs": {
          "length": "10240"
        }
      }
    },
    {
      "identifier": "DVNM",
      "name": "DeviceName",
      "accessMode": "r",
      "desc": "Device Name",
      "required": false,
      "dataType": {
        "type": "text",
        "specs": {
          "length": "10240"
        }
      }
    },
    {
      "identifier": "AWK",
      "name": "MaxAwakeTime",
      "accessMode": "r",
      "desc": "Maximum Awake Time (min)",
      "required": false,
      "dataType": {
        "type": "text",
        "specs": {
          "length": "10240"
        }
      }
    },
    {
      "identifier": "TZ",
      "name": "TimeZone",
      "accessMode": "r",
      "desc": "Time Zone",
      "required": false,
      "dataType": {
        "type": "text",
        "specs": {
          "length": "10240"
        }
      }
    },
    {
      "identifier": "DVNT",
      "name": "DeviceNotes",
      "accessMode": "r",
      "desc": "Device Notes",
      "required": false,
      "dataType": {
        "type": "text",
        "specs": {
          "length": "10240"
        }
      }
    },
    {
      "identifier": "MODE",
      "name": "CommunicationMode",
      "accessMode": "r",
      "desc": "Communication Mode",
      "required": false,
      "dataType": {
        "type": "enum",
        "specs": {
          "0": "Wi-Fi",
          "1": "LTE-CAT-M1",
          "2": "Wi-Fi-with-LTE"
        }
      }
    },
    {
      "identifier": "OPMD",
      "name": "OperationMode",
      "accessMode": "r",
      "desc": "Operation Mode",
      "required": false,
      "dataType": {
        "type": "enum",
        "specs": {
          "0": "AlwaysOn",
          "1": "LowPowerMode"
        }
      }
    },
    {
      "identifier": "STPY",
      "name": "SensorType",
      "accessMode": "r",
      "desc": "Sensor Type",
      "required": false,
      "dataType": {
        "type": "enum",
        "specs": {
          "0": "TempHumidity",
          "1": "TempHumidityCO2",
          "128": "MBP02TempHumidity",
          "129": "MSOILJXBS3001TRRS",
          "130": "MBP05FloodLeak",
          "131": "MBP03AmbientLight",
          "132": "MBP06DigitalInput",
          "133": "MBP01AmebientTemp",
          "134": "MSOILJXBS3001TRCGQRS",
          "135": "MH2S100PPMJXBS3005",
          "136": "MUVJXBS3001UVRS",
          "137": "MNOISEJXBS3001ZSRS"
        }
      }
    },
    {
      "identifier": "MBID",
      "name": "ModbusDeviceID",
      "accessMode": "r",
      "desc": "Modbus Device ID",
      "required": false,
      "dataType": {
        "type": "text",
        "specs": {
          "length": "10240"
        }
      }
    }
  ],
  "events": [
    {
      "identifier": "post",
      "name": "post",
      "type": "info",
      "required": true,
      "desc": "属性上报",
      "method": "thing.event.property.post",
      "outputData": [
        {
          "identifier": "IMEI",
          "name": "IMEI",
          "dataType": {
            "type": "text",
            "specs": {
              "length": "10240"
            }
          }
        },
        {
          "identifier": "CCID",
          "name": "CCID",
          "dataType": {
            "type": "text",
            "specs": {
              "length": "10240"
            }
          }
        },
        {
          "identifier": "IP",
          "name": "LastIP",
          "dataType": {
            "type": "text",
            "specs": {
              "length": "10240"
            }
          }
        },
        {
          "identifier": "MAC",
          "name": "MAC",
          "dataType": {
            "type": "text",
            "specs": {
              "length": "10240"
            }
          }
        },
        {
          "identifier": "FWV",
          "name": "FirmwareVersion",
          "dataType": {
            "type": "text",
            "specs": {
              "length": "10240"
            }
          }
        },
        {
          "identifier": "CID",
          "name": "CustomerID",
          "dataType": {
            "type": "text",
            "specs": {
              "length": "10240"
            }
          }
        },
        {
          "identifier": "MNUM",
          "name": "ModelNo",
          "dataType": {
            "type": "text",
            "specs": {
              "length": "10240"
            }
          }
        },
        {
          "identifier": "DVNM",
          "name": "DeviceName",
          "dataType": {
            "type": "text",
            "specs": {
              "length": "10240"
            }
          }
        },
        {
          "identifier": "AWK",
          "name": "MaxAwakeTime",
          "dataType": {
            "type": "text",
            "specs": {
              "length": "10240"
            }
          }
        },
        {
          "identifier": "TZ",
          "name": "TimeZone",
          "dataType": {
            "type": "text",
            "specs": {
              "length": "10240"
            }
          }
        },
        {
          "identifier": "DVNT",
          "name": "DeviceNotes",
          "dataType": {
            "type": "text",
            "specs": {
              "length": "10240"
            }
          }
        },
        {
          "identifier": "MODE",
          "name": "CommunicationMode",
          "dataType": {
            "type": "enum",
            "specs": {
              "0": "Wi-Fi",
              "1": "LTE-CAT-M1",
              "2": "Wi-Fi-with-LTE"
            }
          }
        },
        {
          "identifier": "OPMD",
          "name": "OperationMode",
          "dataType": {
            "type": "enum",
            "specs": {
              "0": "AlwaysOn",
              "1": "LowPowerMode"
            }
          }
        },
        {
          "identifier": "STPY",
          "name": "SensorType",
          "dataType": {
            "type": "enum",
            "specs": {
              "0": "TempHumidity",
              "1": "TempHumidityCO2",
              "128": "MBP02TempHumidity",
              "129": "MSOILJXBS3001TRRS",
              "130": "MBP05FloodLeak",
              "131": "MBP03AmbientLight",
              "132": "MBP06DigitalInput",
              "133": "MBP01AmebientTemp",
              "134": "MSOILJXBS3001TRCGQRS",
              "135": "MH2S100PPMJXBS3005",
              "136": "MUVJXBS3001UVRS",
              "137": "MNOISEJXBS3001ZSRS"
            }
          }
        },
        {
          "identifier": "MBID",
          "name": "ModbusDeviceID",
          "dataType": {
            "type": "text",
            "specs": {
              "length": "10240"
            }
          }
        }
      ]
    }
  ],
  "services": [
    {
      "identifier": "set",
      "name": "set",
      "required": true,
      "callType": "async",
      "desc": "属性设置",
      "method": "thing.service.property.set",
      "inputData": [],
      "outputData": []
    },
    {
      "identifier": "get",
      "name": "get",
      "required": true,
      "callType": "async",
      "desc": "属性获取",
      "method": "thing.service.property.get",
      "inputData": [
        "IMEI",
        "CCID",
        "IP",
        "MAC",
        "FWV",
        "CID",
        "MNUM",
        "DVNM",
        "AWK",
        "TZ",
        "DVNT",
        "MODE",
        "OPMD",
        "STPY",
        "MBID"
      ],
      "outputData": [
        {
          "identifier": "IMEI",
          "name": "IMEI",
          "dataType": {
            "type": "text",
            "specs": {
              "length": "10240"
            }
          }
        },
        {
          "identifier": "CCID",
          "name": "CCID",
          "dataType": {
            "type": "text",
            "specs": {
              "length": "10240"
            }
          }
        },
        {
          "identifier": "IP",
          "name": "LastIP",
          "dataType": {
            "type": "text",
            "specs": {
              "length": "10240"
            }
          }
        },
        {
          "identifier": "MAC",
          "name": "MAC",
          "dataType": {
            "type": "text",
            "specs": {
              "length": "10240"
            }
          }
        },
        {
          "identifier": "FWV",
          "name": "FirmwareVersion",
          "dataType": {
            "type": "text",
            "specs": {
              "length": "10240"
            }
          }
        },
        {
          "identifier": "CID",
          "name": "CustomerID",
          "dataType": {
            "type": "text",
            "specs": {
              "length": "10240"
            }
          }
        },
        {
          "identifier": "MNUM",
          "name": "ModelNo",
          "dataType": {
            "type": "text",
            "specs": {
              "length": "10240"
            }
          }
        },
        {
          "identifier": "DVNM",
          "name": "DeviceName",
          "dataType": {
            "type": "text",
            "specs": {
              "length": "10240"
            }
          }
        },
        {
          "identifier": "AWK",
          "name": "MaxAwakeTime",
          "dataType": {
            "type": "text",
            "specs": {
              "length": "10240"
            }
          }
        },
        {
          "identifier": "TZ",
          "name": "TimeZone",
          "dataType": {
            "type": "text",
            "specs": {
              "length": "10240"
            }
          }
        },
        {
          "identifier": "DVNT",
          "name": "DeviceNotes",
          "dataType": {
            "type": "text",
            "specs": {
              "length": "10240"
            }
          }
        },
        {
          "identifier": "MODE",
          "name": "CommunicationMode",
          "dataType": {
            "type": "enum",
            "specs": {
              "0": "Wi-Fi",
              "1": "LTE-CAT-M1",
              "2": "Wi-Fi-with-LTE"
            }
          }
        },
        {
          "identifier": "OPMD",
          "name": "OperationMode",
          "dataType": {
            "type": "enum",
            "specs": {
              "0": "AlwaysOn",
              "1": "LowPowerMode"
            }
          }
        },
        {
          "identifier": "STPY",
          "name": "SensorType",
          "dataType": {
            "type": "enum",
            "specs": {
              "0": "TempHumidity",
              "1": "TempHumidityCO2",
              "128": "MBP02TempHumidity",
              "129": "MSOILJXBS3001TRRS",
              "130": "MBP05FloodLeak",
              "131": "MBP03AmbientLight",
              "132": "MBP06DigitalInput",
              "133": "MBP01AmebientTemp",
              "134": "MSOILJXBS3001TRCGQRS",
              "135": "MH2S100PPMJXBS3005",
              "136": "MUVJXBS3001UVRS",
              "137": "MNOISEJXBS3001ZSRS"
            }
          }
        },
        {
          "identifier": "MBID",
          "name": "ModbusDeviceID",
          "dataType": {
            "type": "text",
            "specs": {
              "length": "10240"
            }
          }
        }
      ]
    }
  ],
  "functionBlocks": [
    {
      "description": "Command",
      "functionBlockId": "command",
      "functionBlockName": "command",
      "gmtCreated": 1734681192354,
      "productKey": "k1sjbUXsqmt"
    },
    {
      "description": "Settings",
      "functionBlockId": "settings",
      "functionBlockName": "settings",
      "gmtCreated": 1734681211455,
      "productKey": "k1sjbUXsqmt"
    },
    {
      "description": "Events",
      "functionBlockId": "events",
      "functionBlockName": "events",
      "gmtCreated": 1734681493946,
      "productKey": "k1sjbUXsqmt"
    },
    {
      "description": "Telemetry",
      "functionBlockId": "telemetry",
      "functionBlockName": "telemetry",
      "gmtCreated": 1734681837391,
      "productKey": "k1sjbUXsqmt"
    }
  ]
}